USE [YSUNMVMS]
-- 示例用户数据
INSERT INTO [User] ([UID], UName, UContact, UVehNum, UAddress)
VALUES
    ('U1', '王鑫', 'john@example.com', 2, '4a414'),
    ('U2', '王杰', 'alice@example.com', 1, '4a415'),
    ('U3', '董兴', 'bob@example.com', 0, '4a514'),
    ('U4', '测试仪', 'eva@example.com', 3, '4a514'),
    ('U5', '炊事员', 'michael@example.com', 1, '4b414'),
    ('U6', '高远', 'sarah@example.com', 2, '4c414'),
    ('U7', '高乐', 'david@example.com', 0, '4a414'),
    ('U8', '王福', 'olivia@example.com', 4, '4c414');

-- 示例非机动车数据
INSERT INTO Vehicle (VID, VType, VProfile, VNote, [UID])
VALUES
    ('V1', '电动车', '红色电动车', '电池已更换', 'U1'),
    ('V2', '自行车', '蓝色山地车', '无特殊备注', 'U1'),
    ('V3', '其它', '滑板', '荧光色的滑板，图案磨损严重', 'U2'),
    ('V4', '电动车', '绿色电动车', '电池寿命较短', 'U4'),
    ('V5', '自行车', '黄色自行车', '轮胎漏气', 'U4'),
    ('V6', '电动车', '白色电摩托', '刹车失灵', 'U4'),
    ('V7', '电动车', '捷安特RTX4090', '美国出口限制', 'U5'),
	('V8', '自行车', '捷安特ATX660', '无特殊备注', 'U6'),
	('V9', '电动车', '红色电动车', '无特殊备注', 'U6'),
    ('V10', '自行车', '红色山地车', '无特殊备注', 'U8'),
	('V11', '自行车', '红色山地车', '无特殊备注', 'U8'),
	('V12', '自行车', '红色山地车', '无特殊备注', 'U8'),
	('V13', '自行车', '红色山地车', '无特殊备注', 'U8');

-- 示例管理员数据
INSERT INTO Admin (AID, AName, AContact)
VALUES
	('SYSTEM', 'SYSTEM', 'SYSTEM'),
    ('A1', 'Admin1', 'admin1@example.com'),
    ('A2', 'Admin2', 'admin2@example.com'),
    ('A3', 'Admin3', 'admin3@example.com'),
    ('A4', 'Admin4', 'admin4@example.com'),
    ('A5', 'Admin5', 'admin5@example.com'),
    ('A6', 'Admin6', 'admin6@example.com'),
    ('A7', 'Admin7', 'admin7@example.com'),
    ('A8', 'Admin8', 'admin8@example.com');

-- 示例运维调度员数据
INSERT INTO Maintainer (MID, MName, MContact)
VALUES
    ('M1', 'Mai1', 'maintainer1@exa.com'),
    ('M2', 'Mai2', 'maintainer2@exa.com'),
    ('M3', 'Mai3', 'maintainer3@exa.com'),
    ('M4', 'Mai4', 'maintainer4@exa.com'),
    ('M5', 'Mai5', 'maintainer5@exa.com'),
    ('M6', 'Mai6', 'maintainer6@exa.com'),
    ('M7', 'Mai7', 'maintainer7@exa.com'),
    ('M8', 'Mai8', 'maintainer8@exa.com');

-- 示例停车位数据
INSERT INTO ParkSpace (PSID, PSState)
VALUES
    ('PS1', '空闲'),
    ('PS2', '空闲'),
    ('PS3', '空闲'),
    ('PS4', '空闲'),
    ('PS5', '空闲'),
    ('PS6', '空闲'),
    ('PS7', '空闲'),
    ('PS8', '空闲');

-- 示例充电设施数据
INSERT INTO ChargeDevice (CDID, CDState)
VALUES
    ('CD1', '空闲'),
    ('CD2', '空闲'),
    ('CD3', '空闲'),
    ('CD4', '空闲'),
    ('CD5', '空闲'),
    ('CD6', '空闲'),
    ('CD7', '空闲'),
    ('CD8', '空闲');

-- 示例反馈数据
INSERT INTO Feedback (FID, FContent, FState, [UID], AID)
VALUES
    ('F1', '停车位故障', '已处理', 'U1', 'A1'),
    ('F2', '充电设施损坏', '已处理', 'U2', 'A2'),
    ('F3', '非机动车问题', '已处理', 'U3', 'A3'),
    ('F4', '其他反馈', '已处理', 'U4', 'A4'),
    ('F5', '用户反馈', '已处理', 'U5', 'A5'),
    ('F6', '报修请求', '已处理', 'U6', 'A6'),
    ('F7', '投诉内容', '已处理', 'U7', 'A7'),
    ('F8', '用户反馈', '已处理', 'U8', 'A8');

-- 示例付款数据
INSERT INTO Payment (PType, PAmount, PState, [UID], AID)
VALUES
    ('充电收费', 20.00, '待付款', 'U1', 'A1'),
    ('充电收费', 15.00, '已付款', 'U2', 'A4'),
    ('维修收费', 30.00, '待付款', 'U3', 'A3'),
    ('充电收费', 25.00, '已付款', 'U4', 'A4'),
    ('维修收费', 40.00, '待付款', 'U5', 'A5'),
    ('充电收费', 35.00, '已付款', 'U6', 'A4'),
    ('维修收费', 50.00, '已付款', 'U7', 'A1'),
    ('充电收费', 45.00, '待付款', 'U8', 'A5');

INSERT INTO BadRecord (BRID, BRTime, BRContent, [UID], AID)
VALUES
    ('BR1', '2023-10-01 08:00:00', '占用停车位未付费', 'U1', 'A1'),
    ('BR2', '2023-10-02 09:30:00', '恶意损坏设施', 'U2', 'A2'),
    ('BR3', '2023-10-03 10:15:00', '非法停车', 'U3', 'A3'),
    ('BR4', '2023-10-04 14:45:00', '不文明行为', 'U4', 'A4'),
    ('BR5', '2023-10-05 16:20:00', '占用停车位未付费', 'U5', 'A5'),
    ('BR6', '2023-10-06 17:10:00', '恶意损坏设施', 'U6', 'A6'),
    ('BR7', '2023-10-07 19:00:00', '非法停车', 'U7', 'A7'),
    ('BR8', '2023-10-08 21:30:00', '不文明行为', 'U8', 'A8');

-- 示例报修数据
INSERT INTO Repair (RID, RContent, RState, [UID], VID, MID)
VALUES
    ('R1', '电动车无法启动', '待处理', 'U1', 'V1', 'M1'),
    ('R2', '自行车链条脱落', '处理中', 'U2', 'V2', 'M2'),
    ('R3', '电动车电池充电故障', '已完成', 'U3', 'V3', 'M3'),
    ('R4', '自行车刹车失灵', '处理中', 'U4', 'V4', 'M4'),
    ('R5', '电动车无法启动', '待处理', 'U5', 'V5', 'M5'),
    ('R6', '自行车链条脱落', '已完成', 'U6', 'V6', 'M6'),
    ('R7', '电动车电池充电故障', '已完成', 'U7', 'V7', 'M7'),
    ('R8', '自行车刹车失灵', '待处理', 'U8', 'V8', 'M8');

-- 示例停放数据
INSERT INTO VehiclePark (VPID, VPStartTime, VPEndTime, VID, PSID)
VALUES
    ('VP1', '2023-10-01 08:00:00', '2023-10-01 12:00:00', 'V1', 'PS1'),
    ('VP2', '2023-10-02 10:30:00', '2023-10-02 14:30:00', 'V2', 'PS2'),
    ('VP3', '2023-10-03 11:15:00', '2023-10-03 15:15:00', 'V3', 'PS3'),
    ('VP4', '2023-10-04 14:45:00', '2023-10-04 18:45:00', 'V4', 'PS4'),
    ('VP5', '2023-10-05 16:20:00', '2023-10-05 20:20:00', 'V5', 'PS5'),
    ('VP6', '2023-10-06 17:10:00', '2023-10-06 21:10:00', 'V6', 'PS6'),
    ('VP7', '2023-10-07 19:00:00', '2023-10-07 23:00:00', 'V7', 'PS7'),
    ('VP8', '2023-10-08 21:30:00', '2023-10-08 22:30:00', 'V8', 'PS8');

-- 示例充电数据
INSERT INTO VehicleCharge (VCID, VCStartTime, VCEndTime, VCState, VID, CDID)
VALUES
    ('VC1', '2023-10-01 08:00:00', '2023-10-01 10:00:00', '充电结束', 'V1', 'CD1'),
    ('VC2', '2023-10-02 10:30:00', '2023-10-02 12:30:00', '充电结束', 'V2', 'CD2'),
    ('VC3', '2023-10-03 11:15:00', '2023-10-03 13:15:00', '充电结束', 'V3', 'CD3'),
    ('VC4', '2023-10-04 14:45:00', '2023-10-04 16:45:00', '充电结束', 'V4', 'CD4'),
    ('VC5', '2023-10-05 16:20:00', '2023-10-05 18:20:00', '充电结束', 'V5', 'CD5'),
    ('VC6', '2023-10-06 17:10:00', '2023-10-06 19:10:00', '充电结束', 'V6', 'CD6'),
    ('VC7', '2023-10-07 19:00:00', '2023-10-07 21:00:00', '充电结束', 'V7', 'CD7'),
    ('VC8', '2023-10-08 21:30:00', '2023-10-08 23:30:00', '充电结束', 'V8', 'CD8');

-- 示例停车位维护数据
INSERT INTO ParkSpaceMaintain (PSMID, PSMTime, PSMRecord, PSID, MID)
VALUES
    ('PSM3', '2023-10-03 11:15:00', '正常', 'PS3', 'M3'),
    ('PSM4', '2023-10-04 14:45:00', '正常', 'PS4', 'M4'),
    ('PSM5', '2023-10-05 16:20:00', '正常', 'PS5', 'M5'),
    ('PSM6', '2023-10-06 17:10:00', '正常', 'PS6', 'M6'),
    ('PSM7', '2023-10-07 19:00:00', '正常', 'PS7', 'M7'),
    ('PSM8', '2023-10-08 21:30:00', '正常', 'PS8', 'M8');

-- 示例充电设施维护数据
INSERT INTO ChargeDeviceMaintain (CDMID, CDMTime, CDMRecord, CDID, MID)
VALUES
    ('CDM1', '2023-10-01 08:00:00', '正常', 'CD1', 'M1'),
    ('CDM2', '2023-10-02 10:30:00', '正常', 'CD2', 'M2'),
    ('CDM3', '2023-10-03 11:15:00', '正常', 'CD3', 'M3'),
    ('CDM4', '2023-10-04 14:45:00', '正常', 'CD4', 'M4'),
    ('CDM5', '2023-10-05 16:20:00', '插座松动，已修复', 'CD5', 'M5'),
    ('CDM6', '2023-10-06 17:10:00', '正常', 'CD6', 'M6'),
    ('CDM7', '2023-10-07 19:00:00', '正常', 'CD7', 'M7'),
    ('CDM8', '2023-10-08 21:30:00', '正常', 'CD8', 'M8');

-- 示例调度请求数据
INSERT INTO DispatchRequest (DRID, DRContent, DRTime, DRState, AID, MID)
VALUES
    ('DR1', '紧急维修请求', '2023-10-01 08:00:00', '待处理', 'A1', 'M1'),
    ('DR2', '非机动车调度请求', '2023-10-02 10:30:00', '处理成功', 'A2', 'M2'),
    ('DR3', '停车位问题报告', '2023-10-03 11:15:00', '处理成功', 'A3', 'M3'),
    ('DR4', '电动车充电请求', '2023-10-04 14:45:00', '处理成功', 'A4', 'M4'),
    ('DR5', '停车位问题报告', '2023-10-05 16:20:00', '处理成功', 'A5', 'M5'),
    ('DR6', '电动车充电请求', '2023-10-06 17:10:00', '处理成功', 'A6', 'M6'),
    ('DR7', '紧急维修请求', '2023-10-07 19:00:00', '处理成功', 'A7', 'M7'),
('DR8', '非机动车调度请求', '2023-10-08 21:30:00', '处理成功', 'A8', 'M8');
